<?xml version="1.0" encoding="UTF-8"?>
<beans xmlns="http://www.springframework.org/schema/beans"
       xmlns:xsi="http://www.w3.org/2001/XMLSchema-instance"
       xmlns:context="http://www.springframework.org/schema/context"
       xmlns:mvc="http://www.springframework.org/schema/mvc"
       xsi:schemaLocation="http://www.springframework.org/schema/beans http://www.springframework.org/schema/beans/spring-beans.xsd
       http://www.springframework.org/schema/context http://www.springframework.org/schema/context/spring-context.xsd
       http://www.springframework.org/schema/mvc http://www.springframework.org/schema/mvc/spring-mvc.xsd">
    <!-- 扫描 controller -->
    <context:component-scan base-package="com.gupaoedu.cashier" use-default-filters="false">
        <context:include-filter type="annotation"
                                expression="org.springframework.stereotype.Controller"/>
        <context:include-filter type="annotation"
                                expression="org.springframework.web.bind.annotation.ControllerAdvice"/>
    </context:component-scan>
    
    
   <!-- <mvc:interceptors>
        <mvc:interceptor>
            <mvc:mapping path="/**"/>
            <mvc:exclude-mapping path="/resources/**"/>
            <mvc:exclude-mapping path="/pages/**"/>
            <bean class="com.gupaoedu.cashier.intercept.TokenIntercepter"/>
        </mvc:interceptor>
    </mvc:interceptors>-->
    
    <mvc:default-servlet-handler />
    <!-- 启用spring mvc 注解 -->
    <context:annotation-config />
    <mvc:annotation-driven ignore-default-model-on-redirect="true">
        <!-- 编码转换 -->
        <mvc:message-converters>
            <bean class="org.springframework.http.converter.StringHttpMessageConverter">
                <property name="supportedMediaTypes">
                    <list>
                        <value>text/plain;charset=UTF-8</value>
                        <value>text/html;charset=UTF-8</value>
                        <value>application/json;charset=UTF-8</value>
                    </list>
                </property>
            </bean>
        </mvc:message-converters>
    </mvc:annotation-driven>

    <mvc:resources location="/pages" mapping="*.html"/>
</beans>
