<?xml version="1.0" encoding="UTF-8"?>
<beans xmlns="http://www.springframework.org/schema/beans"
       xmlns:xsi="http://www.w3.org/2001/XMLSchema-instance"
       xmlns:dubbo="http://code.alibabatech.com/schema/dubbo"
       xsi:schemaLocation="http://www.springframework.org/schema/beans        http://www.springframework.org/schema/beans/spring-beans.xsd        http://code.alibabatech.com/schema/dubbo        http://code.alibabatech.com/schema/dubbo/dubbo.xsd">

    <bean id="producerProperties" class="java.util.HashMap">
        <constructor-arg>
            <map>
                <entry key="bootstrap.servers"
                       value="192.168.8.126:9092"/>

                <entry key="client.id" value="gpmall-sso"/>
                <entry key="acks" value="-1"/>
                <entry key="key.serializer" value="org.apache.kafka.common.serialization.IntegerSerializer"/>
                <entry key="value.serializer" value="org.apache.kafka.common.serialization.StringSerializer"/>
            </map>
        </constructor-arg>
    </bean>


    <bean id="producerFactory" class="org.springframework.kafka.core.DefaultKafkaProducerFactory">
        <constructor-arg ref="producerProperties"/>
    </bean>

    <bean id="kafkaTemplate" class="org.springframework.kafka.core.KafkaTemplate">
        <constructor-arg ref="producerFactory"/>
        <constructor-arg name="autoFlush" value="true"/>
    </bean>

</beans>