<assembly>
    <id>bin</id>
    <formats>
        <format>tar.gz</format>
    </formats>
    <includeBaseDirectory>true</includeBaseDirectory>
    <fileSets>
        <fileSet>
            <directory>${project.basedir}/src/main/assembly/bin</directory>
            <outputDirectory>bin</outputDirectory>
            <includes>
                <include>*.sh</include>
            </includes>
            <fileMode>0755</fileMode>
        </fileSet>
        <fileSet>
            <directory>${project.basedir}/src/main/assembly/conf</directory>
            <outputDirectory>conf</outputDirectory>
            <fileMode>0644</fileMode>
        </fileSet>
    </fileSets>
    <dependencySets>
        <dependencySet>
            <outputDirectory>lib</outputDirectory>
        </dependencySet>
    </dependencySets>
</assembly>