<?xml version="1.0" encoding="UTF-8" ?>
<!DOCTYPE mapper PUBLIC "-//mybatis.org//DTD Mapper 3.0//EN" "http://mybatis.org/dtd/mybatis-3-mapper.dtd" >
<mapper namespace="com.smart.sso.server.dao.PermissionDao">
	<select id="get" parameterType="java.lang.Integer" resultType="Permission">
     	SELECT * 
     	FROM SYS_PERMISSION a
     	WHERE id = #{id}
    </select>
    
	<insert id="insert" parameterType="Permission" statementType="PREPARED" useGeneratedKeys="true" keyProperty="id">
		INSERT INTO SYS_PERMISSION(
			appId,
			parentId,
			icon,
			name,
			url,
			sort,
			isMenu,
			isEnable
		) 
		VALUES (
			#{appId},
			#{parentId},
			#{icon},
			#{name},
			#{url},
			#{sort},
			#{isMenu},
			#{isEnable}
		)
	</insert>
	
    <update id="update" parameterType="Permission" statementType="PREPARED">
		UPDATE SYS_PERMISSION a SET
			a.`appId` = #{appId},
			a.`parentId` = #{parentId},
			a.`icon` = #{icon},
			a.`name` = #{name},
			a.`url` = #{url},
			a.`sort` = #{sort},
			a.`isMenu` = #{isMenu},
			a.isEnable = #{isEnable}
		WHERE a.`id` = #{id}
	</update>
	
	<update id="enable" parameterType="map" statementType="PREPARED">
		UPDATE SYS_PERMISSION a SET
			a.isEnable = #{isEnable}
		WHERE 1 = 1
		<if test="idList != null">
			AND a.`id` in <foreach collection="idList" item="item" open="(" separator="," close=")">#{item}</foreach>
		</if>
	</update>
	
	<select id="findByAppId" parameterType="map" resultType="Permission">   
		SELECT * 
     	FROM SYS_PERMISSION a
     	WHERE 1 = 1
		<if test="appId != null">
			AND a.appId = #{appId} 
		</if>
		<if test="isEnable != null and isEnable == true">
			AND a.isEnable = #{isEnable} 
		</if>
     	ORDER BY a.sort DESC 
	</select>
	
	<delete id="deleteById" parameterType="list" statementType="PREPARED">
		DELETE FROM SYS_PERMISSION
		<choose>
			<when test="list == null or list.size() == 0">
				WHERE 1 != 1
			</when>
			<when test="list.size() == 1">
				WHERE `id` = <foreach collection="list" item="id">#{id}</foreach>
			</when>
			<otherwise>
				WHERE `id` in <foreach collection="list" item="id" open="(" separator="," close=")">#{id}</foreach>
			</otherwise>
		</choose>
	</delete>
	
	<delete id="deleteByAppIds" parameterType="map" statementType="PREPARED">
		DELETE FROM SYS_PERMISSION
		WHERE 1 = 1
		<if test="idList != null">
			AND appId in <foreach collection="idList" item="item" open="(" separator="," close=")">#{item}</foreach>
		</if>
	</delete>
	
	<select id="findListById" parameterType="map" resultType="com.smart.sso.rpc.RpcPermission">   
     	SELECT DISTINCT
     		   p.id,
		       p.parentId,
		       p.name,
		       p.url,
		       p.icon,
		       p.isMenu,
		       p.sort
		FROM   SYS_PERMISSION p
		<if test="userId != null">
			   INNER JOIN SYS_RE_ROLE_PERMISSION rp ON p.id = rp.permissionId
			   INNER JOIN SYS_ROLE r ON r.id = rp.roleId AND r.isEnable = 1
			   INNER JOIN SYS_RE_USER_ROLE ur ON ur.roleId = r.id
		</if>
		WHERE  1 = 1
		       AND p.isEnable = 1
		       <if test="appCode != null">
			       AND EXISTS (SELECT 1
			                   FROM   SYS_APP a
			                   WHERE  a.id = p.appId
			                          AND a.isEnable = 1
			                          AND a.code = #{appCode})
			   </if>
		       <if test="userId != null">
			   		AND ur.userId = #{userId}
			   </if>
		ORDER  BY p.parentId ASC, p.sort DESC			
	</select>
</mapper>