<?xml version="1.0" encoding="UTF-8" ?>
<!DOCTYPE mapper PUBLIC "-//mybatis.org//DTD Mapper 3.0//EN" "http://mybatis.org/dtd/mybatis-3-mapper.dtd" >
<mapper namespace="com.smart.sso.server.dao.RoleDao">
	<select id="get" parameterType="java.lang.Integer" resultType="Role">
     	SELECT * 
     	FROM SYS_ROLE a
     	WHERE id = #{id}
    </select>
    
	<insert id="insert" parameterType="Role" statementType="PREPARED" useGeneratedKeys="true" keyProperty="id">
		INSERT INTO SYS_ROLE(
			name,
			sort,
			description,
			isEnable
		) 
		VALUES (
			#{name},
			#{sort},
			#{description},
			#{isEnable}
		)
	</insert>
	
    <update id="update" parameterType="Role" statementType="PREPARED">
		UPDATE SYS_ROLE a SET
			a.`name` = #{name},
			a.`sort` = #{sort},
			a.`description` = #{description},
			a.isEnable = #{isEnable}
		WHERE a.`id` = #{id}
	</update>
	
	<update id="enable" parameterType="map" statementType="PREPARED">
		UPDATE SYS_ROLE a SET
			a.isEnable = #{isEnable}
		WHERE 1 = 1
		<if test="idList != null">
			AND a.`id` in <foreach collection="idList" item="item" open="(" separator="," close=")">#{item}</foreach>
		</if>
	</update>
	
	<select id="findPaginationByName" parameterType="map" resultType="Role">   
		SELECT * 
     	FROM SYS_ROLE a
     	WHERE 1 = 1
     	<if test="name != null and name != '' ">
			AND a.name like CONCAT('%',#{name},'%')
		</if>
		<if test="isEnable != null">
			AND a.isEnable = #{isEnable} 
		</if>
     	ORDER BY a.sort DESC 
	</select>
	
	<delete id="deleteById" parameterType="list" statementType="PREPARED">
		DELETE FROM SYS_ROLE
		<choose>
			<when test="list == null or list.size() == 0">
				WHERE 1 != 1
			</when>
			<when test="list.size() == 1">
				WHERE `id` = <foreach collection="list" item="id">#{id}</foreach>
			</when>
			<otherwise>
				WHERE `id` in <foreach collection="list" item="id" open="(" separator="," close=")">#{id}</foreach>
			</otherwise>
		</choose>
	</delete>
</mapper>