<?xml version="1.0" encoding="UTF-8" ?>
<!DOCTYPE mapper PUBLIC "-//mybatis.org//DTD Mapper 3.0//EN" "http://mybatis.org/dtd/mybatis-3-mapper.dtd" >
<mapper namespace="com.smart.sso.server.dao.UserDao">
	<select id="get" parameterType="java.lang.Integer" resultType="User">
     	SELECT * 
     	FROM SYS_USER a
     	WHERE id = #{id}
    </select>
    
	<insert id="insert" parameterType="User" statementType="PREPARED" useGeneratedKeys="true" keyProperty="id">
		INSERT INTO SYS_USER(
			account,
			password,
			lastLoginIp,
			lastLoginTime,
			loginCount,
			createTime,
			isEnable
		) 
		VALUES (
			#{account},
			#{password},
			#{lastLoginIp},
			#{lastLoginTime},
			#{loginCount},
			#{createTime},
			#{isEnable}
		)
	</insert>
	
    <update id="update" parameterType="User" statementType="PREPARED">
		UPDATE SYS_USER a SET
			a.`account` = #{account},
			a.`password` = #{password},
			a.`lastLoginIp` = #{lastLoginIp},
			a.`lastLoginTime` = #{lastLoginTime},
			a.`loginCount` = #{loginCount},
			a.isEnable = #{isEnable}
		WHERE a.`id` = #{id}
	</update>
	
	<update id="enable" parameterType="map" statementType="PREPARED">
		UPDATE SYS_USER a SET
			a.isEnable = #{isEnable}
		WHERE 1 = 1
		<if test="idList != null">
			AND a.`id` in <foreach collection="idList" item="item" open="(" separator="," close=")">#{item}</foreach>
		</if>
	</update>
	
	<update id="resetPassword" parameterType="map" statementType="PREPARED">
		UPDATE SYS_USER a SET
			a.password = #{password}
		WHERE 1 = 1
		<if test="idList != null">
			AND a.`id` in <foreach collection="idList" item="item" open="(" separator="," close=")">#{item}</foreach>
		</if>
	</update>
	
	<select id="findPaginationByAccount" parameterType="map" resultType="User">   
		SELECT * 
     	FROM SYS_USER a
     	WHERE 1 = 1
     	<if test="account != null and account != '' ">
			AND a.account like CONCAT('%',#{account},'%')
		</if>
     	ORDER BY a.createTime DESC 
	</select>
	
	<select id="findByAccount" parameterType="map" resultType="User">   
		SELECT a.* 
     	FROM SYS_USER a
     	WHERE 1 = 1
     	<if test="account != null and account != '' ">
			AND a.account = #{account} 
		</if>
	</select>
	
	<delete id="deleteById" parameterType="list" statementType="PREPARED">
		DELETE FROM SYS_USER
		<choose>
			<when test="list == null or list.size() == 0">
				WHERE 1 != 1
			</when>
			<when test="list.size() == 1">
				WHERE `id` = <foreach collection="list" item="id">#{id}</foreach>
			</when>
			<otherwise>
				WHERE `id` in <foreach collection="list" item="id" open="(" separator="," close=")">#{id}</foreach>
			</otherwise>
		</choose>
	</delete>
</mapper>