<?xml version="1.0" encoding="UTF-8"?>
<beans xmlns="http://www.springframework.org/schema/beans"
	xmlns:xsi="http://www.w3.org/2001/XMLSchema-instance" 
	xmlns:mvc="http://www.springframework.org/schema/mvc"
	xsi:schemaLocation="http://www.springframework.org/schema/beans
	       http://www.springframework.org/schema/beans/spring-beans.xsd
	       http://www.springframework.org/schema/mvc
	       http://www.springframework.org/schema/mvc/spring-mvc.xsd">

	<!-- 自定义Json解析器 -->
	<mvc:annotation-driven>
		<mvc:argument-resolvers>
			<bean class="com.smart.mvc.resovler.MethodArgumentResovler" />
		</mvc:argument-resolvers>
		<mvc:message-converters>
			<bean class="com.alibaba.fastjson.support.spring.FastJsonHttpMessageConverter" />
		</mvc:message-converters>
	</mvc:annotation-driven>

	<!-- 自定义异常处理 -->
	<bean id="exceptionResolver" class="com.smart.mvc.exception.ExceptionResolver" />

	<!-- 视图解析器 -->
	<bean id="viewResolver" class="org.springframework.web.servlet.view.InternalResourceViewResolver">
		<property name="prefix" value="/WEB-INF/view/" />
		<property name="suffix" value=".jsp" />
	</bean>
</beans>
