<?xml version="1.0" encoding="UTF-8"?>
<beans xmlns="http://www.springframework.org/schema/beans"
	xmlns:xsi="http://www.w3.org/2001/XMLSchema-instance" 
	xmlns:context="http://www.springframework.org/schema/context"
	xsi:schemaLocation="http://www.springframework.org/schema/beans
	       http://www.springframework.org/schema/beans/spring-beans.xsd
	       http://www.springframework.org/schema/context
	       http://www.springframework.org/schema/context/spring-context.xsd">

	<bean id="jedisPoolConfig" class="redis.clients.jedis.JedisPoolConfig" />

	<bean id="jedisConnectionFactory" class="org.springframework.data.redis.connection.jedis.JedisConnectionFactory">
		<property name="hostName" value="${redis.host}" />
		<property name="port" value="${redis.port}" />
		<property name="password" value="${redis.password}" />
		<property name="database" value="${redis.database}" />
		<property name="poolConfig" ref="jedisPoolConfig" />
	</bean>

	<!-- Redis覆盖HttpSession，配置Session超时时间 -->
	<bean id="redisHttpSessionConfiguration"
		class="org.springframework.session.data.redis.config.annotation.web.http.RedisHttpSessionConfiguration">
	</bean>
</beans>
